{"cameraMode":{"drawMode":0,"name":"Shaded","section":"Shading Mode"},"sceneLighting":false,"audioPlay":false,"sceneViewState":{"m_AlwaysRefresh":false,"showFog":true,"showSkybox":false,"showFlares":true,"showImageEffects":true,"showParticleSystems":true,"showVisualEffectGraphs":true,"m_FxEnabled":true},"in2DMode":false,"pivot":{"x":-0.4444742500782013,"y":2.3855366706848146,"z":-1.2491109371185303},"rotation":{"x":0.16043365001678468,"y":0.44045305252075198,"z":-0.08032476902008057,"w":0.8796645402908325},"size":1.2247449159622193,"orthographic":false}