{"cameraMode":{"drawMode":0,"name":"Shaded","section":"Shading Mode"},"sceneLighting":false,"audioPlay":false,"sceneViewState":{"m_AlwaysRefresh":false,"showFog":true,"showSkybox":false,"showFlares":true,"showImageEffects":true,"showParticleSystems":true,"showVisualEffectGraphs":true,"m_FxEnabled":true},"in2DMode":false,"pivot":{"x":0.005535665899515152,"y":0.7246415615081787,"z":-1.5029351711273194},"rotation":{"x":0.08718705177307129,"y":0.18783196806907655,"z":-0.016736513003706933,"w":0.9781813025474548},"size":0.8660253882408142,"orthographic":false}