{"cameraMode":{"drawMode":0,"name":"Shaded","section":"Shading Mode"},"sceneLighting":false,"audioPlay":false,"sceneViewState":{"m_AlwaysRefresh":false,"showFog":true,"showSkybox":false,"showFlares":true,"showImageEffects":true,"showParticleSystems":true,"showVisualEffectGraphs":true,"m_FxEnabled":true},"in2DMode":false,"pivot":{"x":0.11093074828386307,"y":0.8012864589691162,"z":-1.3220341205596924},"rotation":{"x":-0.10730916261672974,"y":-0.11990144848823548,"z":0.013037745840847493,"w":-0.9868865609169006},"size":0.8660253882408142,"orthographic":false}