{"cameraMode":{"drawMode":0,"name":"Shaded","section":"Shading Mode"},"sceneLighting":false,"audioPlay":false,"sceneViewState":{"m_AlwaysRefresh":false,"showFog":true,"showSkybox":false,"showFlares":true,"showImageEffects":true,"showParticleSystems":true,"showVisualEffectGraphs":true,"m_FxEnabled":true},"in2DMode":false,"pivot":{"x":-1.388321876525879,"y":1.316219449043274,"z":-1.5458348989486695},"rotation":{"x":-0.10919825732707977,"y":-0.24140359461307527,"z":0.027349447831511499,"w":-0.9638783931732178},"size":0.8660253882408142,"orthographic":false}