{"cameraMode":{"drawMode":0,"name":"Shaded","section":"Shading Mode"},"sceneLighting":true,"audioPlay":false,"sceneViewState":{"m_AlwaysRefresh":false,"showFog":true,"showSkybox":true,"showFlares":true,"showImageEffects":true,"showParticleSystems":true,"showVisualEffectGraphs":true,"m_FxEnabled":true},"in2DMode":false,"pivot":{"x":-3.2454721927642824,"y":3.2829668521881105,"z":-2.2535314559936525},"rotation":{"x":-0.28386518359184267,"y":-0.45757535099983218,"z":0.1568937599658966,"w":-0.8279152512550354},"size":1.7417103052139283,"orthographic":false}